Original Attribute Name,Original Attribute Type,Original Attribute Definition,Parent Elements,NIEM Eqivalent/Refined Attribute Name,NIEM Eqivalent/Refined Attribute Type,NIEM Eqivalent/Refined Attribute Definition,Status,Comments
domexReport,object,Document stating results achieved or providing evidence of activities performed during Document and Media Exploitation,caseNumber,DOMEXReport,ReportType,A document stating results achieved or providing evidence of activities performed during Document and Media Exploitation (DOMEX).,Initial refinement completed. Pending Tiger Team review.,
reportInformation,object,Information about a report,domexReport,,,,Needs to be refined by Tiger Team.,
classification,string,"The determination that official information requires, in the interests of national security, a specific degree of protection against unauthorized disclosure, coupled with a designation signifying that such a determination has been made.","reportInformation, media, findings, devices, components, wtiComments, collection, collectionResponse",mo:SecurityClassificationText,nc : TextType,An information security classification level.,Mapped to existing NIEMOpen attribute.,
reportStartDate,string,A date on which something begins.,reportInformation,nc:StartDate,nc : DateType,A date on which something begins.,Mapped to existing NIEMOpen attribute.,
approvedDate,string,A date of the approval.,reportInformation,ReportApprovedDate,nc : DateType,A date on which a report was approved.,Initial refinement completed. Pending Tiger Team review.,
incidentType,string,A single or delimited list of incident types to restrict the results to. Items may be provided as either an identifier (GUID) or string (Label),reportInformation,j:IncidentGeneralCategoryText ,nc : TextType,A general kind of an incident that occurred.,Mapped to existing NIEMOpen attribute.,
reportExaminer,string,A single or delimited list of Discipline Report Examiners to restrict the results,reportInformation,,,,Needs to be refined by Tiger Team.,
adminReviewer,string,Name and information related to the reviewer evaluating the report and supporting documentation for consistency with laboratory policies and editorial correctness,reportInformation,AdminReviewerDocumentAssociation,nc:PersonDocumentAssociationType,An association between a report and its reviewer.,Initial refinement completed. Pending Tiger Team review.,
lastEditBy,object,Information related to the last edit of the report,reportInformation,,,,Needs to be refined by Tiger Team.,
modifiedBy,string,"A user, who modified a data file.",lastEditBy,ReportModifiedBy,niem-xs : string,"A user, who modified a report.",Initial refinement completed. Pending Tiger Team review.,
lastEditTime,string,A date information was last modified.,lastEditBy,nc:LastUpdatedDate,nc : DateType,A date information was last modified.,Mapped to existing NIEMOpen attribute.,
media,array,Objects on which data can be stored,"exhibits, reports, devices, primaryDeviceUserInformation",,,,Needs to be refined by Tiger Team.,
image,object,"Imitation or representation of a person or thing, drawn, painted, photographed, and so forth.","media, collection",nc:Image,nc : ImageType,A picture or visual representation of something.,Mapped to existing NIEMOpen attribute.,
fileFormat,string,"In computer forensics, a standard structure by which data is organized in a file for a specific purpose","images, audio, databases, text, unrecognizedFiles",nc:DocumentFormatText,nc : TextType,"A file format, content type (e.g., a MIME type), or physical format of a document.",Mapped to existing NIEMOpen attribute.,
fileAttributes,string,Properties associated with the file that is kept with the file directory listing.,"audio, databases, text, unrecognizedFiles",FileAttributeText,nc : TextType,A property associated with a file that is kept with the file directory listing.,Initial refinement completed. Pending Tiger Team review.,
uploadFileName,string,"In computer forensics, an identifier used to uniquely identify a file object that has been uploaded within a directory object in a filesystem.","image, document, collection",UploadFileName,nc : TextType,A name of an uploaded file.,Initial refinement completed. Pending Tiger Team review.,
base64,string,A text that is a binary base-64 string that represents an Image.,image,nc:Base64BinaryObject,niem-xs:base64Binary,A base64 binary encoding of data.,Mapped to existing NIEMOpen attribute.,
document,object,Information and its supporting medium.,media,nc:Document,nc : DocumentType,A paper or electronic document.,Mapped to existing NIEMOpen attribute.,
loc,object,"An object containing `lat` and `lon` coordinates, which will return documents with an incident in a specified radius","media, chats",nc:Location ,nc : LocationType,A geospatial location.,Mapped to existing NIEMOpen attribute.,
fileSizeBytes,integer,"Size of the media file, represented in Bytes","image, document, collection, taggedFiles, applications, archives, audio, configurations, databases, downloads, images, text, videos, unrecognizedFiles",FileSizeBytesValue,niem-xs:nonNegativeInteger,"Size of a file, represented in bytes.",Initial refinement completed. Pending Tiger Team review.,
exhibits,array,Items or samples recovered as part of an investigation,"electronicsReport, deviceInfo, componentInfo",j:Exhibit,j : ExhibitType,An item introduced as evidence in a hearing or a trial.,Mapped to existing NIEMOpen attribute.,
exhibitNumber,integer,An identification number of an exhibit,exhibits,j:ExhibitIdentification,nc : IdentificationType,An identification number of an exhibit,Mapped to existing NIEMOpen attribute.,
exhibitQuantity,integer,A number of individual items that represent a piece of evidence. ,exhibits,j:EvidenceQuantityText,nc : TextType,A number of individual items that represent a piece of evidence. ,Mapped to existing NIEMOpen attribute.,
description,string,A description of the information,"exhibits, deviceInfo, componentInfo, dataSourceUsage",nc:DescriptionText,nc : TextType,A description of the information,Mapped to existing NIEMOpen attribute.,
documentNumber,string,identifier for a document associated with an exhibit,exhibits,DocumentNumber,nc : IdentificationType,An identifier for a document associated with an exhibit.,Initial refinement completed. Pending Tiger Team review.,
caseOperator,string,Entity that is operating a case,exhibits,CaseOperatorEntity,nc:TextType,An entity that is operating a case.,Initial refinement completed. Pending Tiger Team review.,
extractionReason,string,Reason that data was exported from a source,exhibits,DataExtractionReasonText,nc : TextType,A reason that data was exported from a source.,Initial refinement completed. Pending Tiger Team review.,
detaineeName,string,"Name of a person captured, detained, or otherwise under the control of Department of Defense personnel",exhibits,DODDetaineeName,nc:PersonNameTextType,"Full name of a person captured, detained, or otherwise under the control of Department of Defense personnel.",Initial refinement completed. Pending Tiger Team review.,
detaineeNumber,string,An identifier assigned to the detainee by the detention facility.,exhibits,scr:InmateNumberID,niem-xs : string,An identifier assigned to the detainee by the detention facility.,Mapped to existing NIEMOpen attribute.,
tcn,string,transaction control number,exhibits,,,,Needs to be refined by Tiger Team.,
examinerEmail,string,Email address of the examiner,exhibits,nc:ContactEmailID,niem-xs : string,An electronic mailing address by which a person or organization may be contacted.,Mapped to existing NIEMOpen attribute.,
examinerPhoneNumber,string,Phone number of the examiner,exhibits,nc:ContactTelephoneNumber,nc : TelephoneNumberType,A telephone number for a telecommunication device by which a person or organization may be contacted.,Mapped to existing NIEMOpen attribute.,
itemNumber,integer,An identification assigned to an item.,"exhibits, applications, document, devices, archives, audio, callLog, chats, configurations, contacts, databases, deviceConnectivity, deviceEvents, deviceUsers, downloads, imageHashes, images, installedApplications, instantMessages, locations, networkUsages, passwords, searchedItems, text, userAccounts, videos, webBookmarks, webHistory, wirelessNetworks, timeline, contactIdentificationData, simData",nc:ItemOtherIdentification,nc : IdentificationType,An identification assigned to an item.,Mapped to existing NIEMOpen attribute.,
notes,string,"Notes are original observations, derived data, calculations and test reports recorded at the time they are made and are identifiable to the specific task. They must contain sufficient information to establish an audit trail and to support conclusions such that in the absence of the examiner, another competent examiner or supervisor could evaluate what was done and interpret the data.",exhibits,,,,Needs to be refined by Tiger Team.,
disposition,string,A description of a disposition.,exhibits,nc:DispositionDescriptionText,nc : TextType,A description of a disposition.,Mapped to existing NIEMOpen attribute.,
HasChildren,boolean,Indicator of whether an exhibit has child elements associated with it,"exhibits, components",SupportingExhibitIndicator,niem-xs : Boolean,"True if an exhibit has sub-exhibits associated with it, false otherwise.",Initial refinement completed. Pending Tiger Team review.,
devices,array,A device.,triage,mo:Device,nc : DeviceType,A device.,Mapped to existing NIEMOpen attribute.,
deviceType,string,A kind of device type.,"devices, deviceConnectivity, deviceInfo",biom:DeviceCategoryText,nc : TextType,A kind of device type.,Mapped to existing NIEMOpen attribute.,
deviceInfo,object,Information about the device,device,DeviceInformation,DeviceInformationType,Information about a device.,Initial refinement completed. Pending Tiger Team review.,
quantity,integer,A count of the individual units which make up an item.,"deviceInfo, ActivitySensorDataSample",nc:ItemQuantity,nc : QuantityType,A count of the individual units which make up an item.,Mapped to existing NIEMOpen attribute.,
operationalCharacteristics,string,Description of how the device is operated,deviceInfo,,,,Needs to be refined by Tiger Team.,
comments,object,"A comment, note, or remark.",deviceInfo,nc:Comment,nc : CommentType,"A comment, note, or remark.",Mapped to existing NIEMOpen attribute.,
content,string,"A comment, note, or remark providing additional information.","comments, wtiComments",nc:CommentText,nc : TextType,"A comment, note, or remark providing additional information.",Mapped to existing NIEMOpen attribute.,
wtiProfiles,string,"A single or delimited list of WTI profile identifiers (GUID) to restrict the results. When provided,  results returned have at least one device with the assigned profile(s)",deviceInfo,WTIDeviceProfileIdentifier,nc : IdentificationType,A WTI profile identifier (GUID) assigned to a device.,Initial refinement completed. Pending Tiger Team review.,
wtiComments,object,Comments associated with a device ,deviceInfo,,,,Needs to be refined by Tiger Team.,
metadata,object,"Data, frequently embedded within a file, that describes a file or directory, which can include the locations where the content is stored, dates and times, application specific information, and permissions ","applications, document, deviceInfo, componentInfo, archives, audio, configurations, databases, images, text, videos, names, officialGovernmentDocumentation",nc:Metadata,nc : MetadataType,Information that further qualifies primary data; data about data.,Mapped to existing NIEMOpen attribute.,
components,array,"In logistics, a part or combination of parts having a specific
function, which can be installed or replaced only as an entity.",device,DeviceComponentAssocation,AssociationType,"A part or combination of parts having a specific function, which can be installed or replaced only as an entity.",Initial refinement completed. Pending Tiger Team review.,
componentInfo,object,Information about a specific component of a device,"components, unassignedDeviceComponents",DeviceComponentInformation,DeviceComponentInformationType,Information about a specific component of a device.,Initial refinement completed. Pending Tiger Team review.,
componentType,string,An item contained within an explosive device designed to cause harm or damage when propelled by an explosion.,componentInfo,j:ExplosiveComponentText,nc : TextType,An item contained within an explosive device designed to cause harm or damage when propelled by an explosion.,Mapped to existing NIEMOpen attribute.,
findings,object,Results of analysis of items or of the scene,,AnalysisFindings,FindingsType,Results of the analysis of items or of a scene.,Initial refinement completed. Pending Tiger Team review.,
findingsText,string,Description of findings,findings,AnalysisFindingsText,nc : TextType,A description of findings from the analysis of items or of a scene.,Initial refinement completed. Pending Tiger Team review.,
collection,object,"In intelligence usage, the acquisition of information and the provision of this information to processing elements",,IntelligenceCollectionInformation,IntelligenceCollectionInformationType,Information acquired for intelligence use.,Initial refinement completed. Pending Tiger Team review.,
reportSubmitter,string,A single or delimited list of submitter identifiers (guid) to restrict the returned results,"collection, collectionResponse",nc:DocumentSubmitter,nc : EntityType,An entity responsible for making the resource available.,Mapped to existing NIEMOpen attribute.,
submittedOn,string,A date and time the document was submitted.,"collection, collectionResponse",hs:SubmittedDateTime,nc : DateType,A date and time the document was submitted.,Mapped to existing NIEMOpen attribute.,
collectionResponse,object,A report provided in response to a request.,collection,cbrn:ResponseReport,cbrn : ResponseReportType,A report provided in response to a request.,Mapped to existing NIEMOpen attribute.,
collectionID,string,Number that identifies a collection,collection,CollectionID,nc:IdentificationId,Number that identifies a collection.,Initial refinement completed. Pending Tiger Team review.,
deviceReportSummary,object,High-level information describing a device examination report,,DeviceReportSummary,DeviceReportSummaryType,High-level information describing a device examination report.,Initial refinement completed. Pending Tiger Team review.,
caseNumber,string,A case number or case number pattern to match against,deviceReportSummary,j:CaseNumberText,nc : TextType,"An identifying number for a case that this activity is a part of, where the case number belongs to the agency that owns the activity information.",Mapped to existing NIEMOpen attribute.,
caseName,string,An official name of a case.,deviceReportSummary,nc:CaseTitleText,nc : TextType,An official name of a case.,Mapped to existing NIEMOpen attribute.,
examinerName,string,"Name of an individual who conducts and/or directs the analysis of evidence, interprets the data, and reaches conclusions.","deviceReportSummary, exhibit",EvidenceExaminer,nc : PersonType,"An individual who conducts and/or directs the analysis of evidence, interprets the data, and reaches conclusions.",Initial refinement completed. Pending Tiger Team review.,
dataSourceQuantity,integer,Number of data sources in a case,deviceReportSummary,CaseDataSourceQuantity,xs:integer,The number of data sources in a case.,Initial refinement completed. Pending Tiger Team review.,
AnalysisSoftwareUsed,string,Name of the software used for analysis,deviceReportSummary,,,,,
AnalysisSoftwareVersion,string,Version number of software used for analysis,deviceReportSummary,,,,Needs to be refined by Tiger Team.,
dataSourceUsage,object,An organized collection of stored information made of one or more data sets.,,stat:DataResource,stat : DataResourceType,An organized collection of stored information made of one or more data sets.,Mapped to existing NIEMOpen attribute.,
sourceFile,string,A source of the data.,"dataSourceUsage, metadata, taggedResult, userContentSuspected, encryptionSuspected",usmtf:DataSourceText,usmtf : DataSourceType,A source of the data.,Mapped to existing NIEMOpen attribute.,
tags,array,Flagging of specific data or events for future reference in order to sort evidence or report it,"document, dataSourceUsage, metadata, taggedFiles, taggedResult, userContentSuspected, encryptionSuspected, extensionMismatchDetected, applications, exifMetadata, email, ipAddress, phoneNumber, archives, audio, configurations, databases, images, text, videos",,,,Needs to be refined by Tiger Team.,
owner,string,Name of the owner of a metadata file,metadata,,,,Needs to be refined by Tiger Team.,
exifMetadata,object,Exchangable image file metadata,,ExifMetadata,nc : MetadataType,Metadata for an exchangable image file.,Initial refinement completed. Pending Tiger Team review.,
dateTaken,string,A date that an image was captured,exifMetadata,biom:CaptureDate,nc : DateType,A date that an image was captured,Mapped to existing NIEMOpen attribute.,
deviceManufacturer,string,A maker of an item.,exifMetadata,usmtf:ManufacturerText,usmtf : ManufacturerType ,A maker of an item.,Mapped to existing NIEMOpen attribute.,
deviceModel,string,A model number designation of an object.,"exifMetadata, deviceInfo",usmtf:ModelText,usmtf : ModelType ,A model number designation of an object.,Mapped to existing NIEMOpen attribute.,
lon,string,A value that specifies the degree of a longitude. The value comes from a restricted range between -180 (inclusive) and +180 (inclusive).,"exifMetadata, wirelessNetwork",nc:LongitudeDegreeValue,nc : LongitudeDegreeType,A value that specifies the degree of a longitude. The value comes from a restricted range between -180 (inclusive) and +180 (inclusive).,Mapped to existing NIEMOpen attribute.,
lat ,string,A value that specifies the degree of a latitude. The value comes from a restricted range between -90 (inclusive) and +90 (inclusive).,"exifMetadata, wirelessNetwork",nc:LatitudeDegreeValue,nc : LatitudeDegreeType,A value that specifies the degree of a latitude. The value comes from a restricted range between -90 (inclusive) and +90 (inclusive).,Mapped to existing NIEMOpen attribute.,
altitude,integer,"The vertical distance above the terrain, or above ground level (AGL), also called absolute altitude",exifMetadata,usmtf:AltitudeValue, usmtf : Integer-9999To99999Type,An altitude in the range -9999 through 99999.,Mapped to existing NIEMOpen attribute.,
taggedFiles,object,Files tagged with additional information,,,,,Needs to be refined by Tiger Team.,
fileName,string,A Name of the data file,"taggedFiles, extensionMismatchDetected, applications, archives, audio, configurations, databases, images, locations, text, videos, unrecognizedFiles",cbrn:DataFileName,niem-xs : string,A Name of the data file,Mapped to existing NIEMOpen attribute.,
taggedFileComment,string,Note about a tagged file,"taggedFiles, taggedResult, userContentSuspected",,,,Needs to be refined by Tiger Team.,
username,string,A particular user name of the user account.,"taggedFiles, taggedResult",mo:CyberUserAccountUserName,nc : TextType,A particular user name of the user account.,Mapped to existing NIEMOpen attribute.,
modifyTime,string,A time stamp identifying when a data file was last modified.,"document, taggedFiles, applications, note, archives, audio, configurations, contacts, databases, images, text, videos, unrecognizedFiles",cbrn:DataFileLastModifiedDateTime,niem-xs : dateTime,A time stamp identifying when a data file was last modified.,Mapped to existing NIEMOpen attribute.,
changedTime,string,Date and time a file was changed,"taggedFiles, applications, document, archives, audio, configurations, databases, images, text, videos",FileChangeTime,nc:DateTime,Date and time a file was changed.,Initial refinement completed. Pending Tiger Team review.,
accessedTime,string,Date and time a file was accessed,"taggedFiles, applications, document, archives, audio, configurations, databases, images, text, videos",FileAccessDateTime,niem-xs:dateTime,A date and time when a file was accessed.,Initial refinement completed. Pending Tiger Team review.,
createdTime,string,"A time stamp, of identifying when a data file was created","taggedFiles, applications, documents, wtiProfiles, archives, audio, configurations, contacts, databases, deviceUsers, images, text, userAccounts, videos, networkUsages, deviceReportSummary, unrecognizedFiles",cbrn:DataFileCreatedDateTime,niem-xs : dateTime,"A time stamp, of identifying when a data file was created",Mapped to existing NIEMOpen attribute.,
hash,string,"Numerical value, generated by hashing functions, used to substantiate the integrity of digital evidence and/or for inclusion /exclusion comparisons against known value sets. Also referred to as a ""checksum.""",taggedFiles,j:HashValueText,nc : TextType,A hash value represented as text.,Mapped to existing NIEMOpen attribute.,
taggedResults,object,Results tagged with additional information,,,,,Needs to be refined by Tiger Team.,
resultType,string,A kind of test outcome.,taggedResult,j:TestResultCategoryText,nc : TextType,A kind of test outcome.,Mapped to existing NIEMOpen attribute.,
keywordHits,string,Results from a keyword search,,KeywordHitText,nc : TextType,A result from a keyword search.,Initial refinement completed. Pending Tiger Team review.,
email,string,An electronic mailing address by which a person or organization may be contacted.,"keywordHits, contactEntry",nc:ContactEmailID,niem-xs : string,An electronic mailing address by which a person or organization may be contacted.,Mapped to existing NIEMOpen attribute.,
preview,object,Sample of a larger text,"email, ipAddress, phoneNumber",,,,Needs to be refined by Tiger Team.,
ipAddress,string,"An identifier assigned to a computer or other device connected to a TCP/IP network, based on version 4 of the Internet Protocol.",keywordHits,nc:IPv4AddressID,niem-xs : string,"An identifier assigned to a computer or other device connected to a TCP/IP network, based on version 4 of the Internet Protocol.",Mapped to existing NIEMOpen attribute.,Definition is for IPv4; there is another NIEM definition for IPv6 if needed
phoneNumber,string,A complete telephone number.,keywordHits,nc:TelephoneNumberFullID,niem-xs : string,A complete telephone number.,Mapped to existing NIEMOpen attribute.,
userContentSuspected,object,Files and media suspected to have been added or created by the device user,,,,,Needs to be refined by Tiger Team.,
extensionMismatchDetected,object,List of files in which the file extension does not match the MIME type of the file,,FileExtensionMismatchAssociation,nc : AssociationType,"An association between a file and a MIME type, in which the file extension does not match the MIME type of the file.",Initial refinement completed. Pending Tiger Team review.,
extension,string,"A file extension of an electronic document. The file extension should correspond appropriately with the document format information, if provided.",extensionMismatchDetected,nc:DocumentFileExtensionText,nc : TextType,"A file extension of an electronic document. The file extension should correspond appropriately with the document format information, if provided.",Mapped to existing NIEMOpen attribute.,
mimeType,string,Kind of Multipurpose Internet Mail Extension,extensionMismatchDetected,cbrn:EncodingMIMEKindText,niem-xs : string,An encoding MIME type of a digital data file.,Mapped to existing NIEMOpen attribute.,
filePath,string,The location of a file on a system.,"extensionMismatchDetected, applications, document, downloads, archives, audio, configurations, databases, images, text, videos, webBookmarks, unrecognizedFiles",FilePathText,nc : TextType,The location of a file on a system.,Initial refinement completed. Pending Tiger Team review.,
encryptionSuspected,object,Files in which the cryptographic transformation of data to produce ciphertext is supsected,,SuspectedEncryptionFileAssociation,nc : AssociationType,An association between files with suspected encryption and comments indicating the reason encryption is suspected.,Initial refinement completed. Pending Tiger Team review.,
name,string,A label or name applied to a data element. ,"encryptionSuspected, simData",usmtf:DataElementLabelText,usmtf : DataElementLabelType,A label or name applied to a data element. ,Mapped to existing NIEMOpen attribute.,
project,object,A data type for an individual or collaborative enterprise that is carefully planned and designed to achieve a particular aim.,,j:Project,nc : ActivityType,A data type for an individual or collaborative enterprise that is carefully planned and designed to achieve a particular aim.,Mapped to existing NIEMOpen attribute.,
projectID,string,An identification that references an activity.,project,nc:ActivityIdentification,nc : IdentificationType,An identification that references an activity.,Mapped to existing NIEMOpen attribute.,
projectName,integer,A name for the project or exercise.,project,usmtf:ProjectExerciseName,usmtf : ExerciseNameType,A name for the project or exercise.,Mapped to existing NIEMOpen attribute.,
reportVersion,number,Numeric version given to a report,project,,,,Needs to be refined by Tiger Team.,
licenseID,integer,License identification number for an analysis tool/software,project,SoftwareLicenseID,niem-xs : string,A license identification number for an analysis software tool.,Initial refinement completed. Pending Tiger Team review.,
deviceName,string,Name of a device,"deviceReportSummary, deviceInfo",DeviceNameText,nc : TextType,A name of a device.,Initial refinement completed. Pending Tiger Team review.,
reportCreationTime,string,A DateTime when a report was created.,deviceReportSummary,cbrn:ReportDateTime,niem-xs : dateTime,A DateTime when a report was created.,Mapped to existing NIEMOpen attribute.,
timeZoneSettings,string,A text identification of the time zone that applies to a schedule.,deviceReportSummary,cbrn:ScheduleTimeZoneText,nc : TextType,A text identification of the time zone that applies to a schedule.,Mapped to existing NIEMOpen attribute.,
extractionStartDateTime,string,Date and time that data began exporting from a source,deviceReportSummary,DataExtractionStartDateTime,niem-xs : dateTime,A date and time that data began exporting from a source.,Initial refinement completed. Pending Tiger Team review.,
extractionEndDateTime,string,Date and time that data was finished exporting from a source,deviceReportSummary,DataExtractionEndDateTime,niem-xs : dateTime,A date and time that data finished exporting from a source.,Initial refinement completed. Pending Tiger Team review.,
unitIdentifier,string,Identification number for a unit,deviceReportSummary,,,,Needs to be refined by Tiger Team.,
selectedManufacturer,string,Manufacturer of the device selected for analysis,deviceReportSummary,,,,Needs to be refined by Tiger Team.,
selectedDeviceName,string,Name of the device selected for analysis,deviceReportSummary,,,,Needs to be refined by Tiger Team.,
machineName,string,Name of the machine being used to perform device analysis,deviceReportSummary,,,,Needs to be refined by Tiger Team.,
connectionType,string,Type of connection between the device and the machine being used to perform device analysis,deviceReportSummary,DeviceAnalysisConnection,nc:TextType,A connection between a device and the machine being used to perform device analysis.,Initial refinement completed. Pending Tiger Team review.,
extractionType,string,A kind of extraction process used for obtaining mobile device data and storing it in an approved location for processing.,deviceReportSummary,DataExtractionProcessText,nc : TextType,A kind of extraction process used for obtaining mobile device data and storing it in an approved location for processing.,Initial refinement completed. Pending Tiger Team review.,
extractionID,integer,Unique identifier for a data extraction,"deviceReportSummary, activitySensorData",DataExtractionID,nc : IdentificationType,A unique identifier for a data extraction.,Initial refinement completed. Pending Tiger Team review.,
extractionFileDataIntegrity,string,A status of the integrity of the extracted data during the extraction process.,deviceReportSummary,ExtractionFileDataIntegrityText,nc : TextType,A description of the integrity status of the extracted data during the extraction process.,Initial refinement completed. Pending Tiger Team review.,
reportType,string,Type of report,deviceReportSummary,,,,Needs to be refined by Tiger Team.,
malwareScanner,object,Analysis software that scans a project of interest for malware that may be found within files or applications found in the project device,deviceReportSummary,,,,Needs to be refined by Tiger Team.,
scanPerformed,boolean,Indicator of whether or not a malware scan was performed on a device,malwareScanner,,,,Needs to be refined by Tiger Team.,
deviceFamily,string,A kind of communication device.,deviceInfo,nc:DeviceCategoryText,nc : TextType,A kind of communication device.,Mapped to existing NIEMOpen attribute.,
phase,string,Phase of a SIM card,deviceInfo,,,,Needs to be refined by Tiger Team.,
subModel,string,Sub-model of a SIM card,deviceInfo,,,,Needs to be refined by Tiger Team.,
vendor,string,A vendor name,deviceInfo,biom:VendorName,nc : TextType,A vendor name,Mapped to existing NIEMOpen attribute.,
detectedPhoneModel,string,Model of phone detected by the analysis software,deviceInfo,DetectedPhoneModelText,nc : TextType,Model of phone detected by analysis software.,Initial refinement completed. Pending Tiger Team review.,
androidFingerprint,string,,deviceInfo,DeviceAuthenticatedIdentity,nc:IdentificationType,An identity that has been verified by some authority.,Initial refinement completed. Pending Tiger Team review.,
detectedPhoneVendor,string,Vendor of phone detected by the analysis software,deviceInfo,DetectedPhoneVendorText,nc : TextType,Vendor of phone detected by analysis software.,Initial refinement completed. Pending Tiger Team review.,
osVersion,string,Version of the device's operating system,deviceInfo,,,,Needs to be refined by Tiger Team.,
bluetoothDeviceName,string,Name used by the device for a bluetooth connection,deviceInfo,BluetoothDeviceName,nc:NameType,The device name associated with a bluetooth device.,Initial refinement completed. Pending Tiger Team review.,
appleID,string,"Authentication method used by Apple for iPhone, iPad, Mac and other Apple devices. Apple IDs contain a user's personal information and settings.",deviceInfo,cbrn:CredentialsAuthenticatedCode,cbrncl:CredentialsAuthenticatedCodeType,A verification of the authenticating credentials.,Mapped to existing NIEMOpen attribute.,
androidID,string,A unique identifier used by Android,deviceInfo,cbrn:CredentialsAuthenticatedCode,cbrncl:CredentialsAuthenticatedCodeType,A verification of the authenticating credentials.,Mapped to existing NIEMOpen attribute.,
bluetoothDeviceAddress,string,Address used by the device to make a bluetooth connection,deviceInfo,BluetoothDeviceAddress,nc:DeviceElectronicAddress,The IP address associated with a bluetooth device.,Initial refinement completed. Pending Tiger Team review.,
macAddress,string,"Media Access Control address, a unique identifier assigned to network interfaces.
",deviceInfo,nc:MACAddressID,niem-xs : string,An identifier assigned to a hardware device that connects to the Internet; Media Access Control.,Mapped to existing NIEMOpen attribute.,
mockLocationsAllowed,boolean,,deviceInfo,,,,Needs to be refined by Tiger Team.,
locationServicesEnabled,boolean,True if location services are enabled on the device; false if location services are turned off,deviceInfo,LocationServicesEnabledIndicator,niem-xs : Boolean,True if location services are enabled on the device; false if location services are turned off.,Initial refinement completed. Pending Tiger Team review.,
imsi,integer,International mobile subscriber identity number for a device,"deviceInfo, callLog",,,,Needs to be refined by Tiger Team.,
iccid,integer,Integrated Circuit Card Identification number for a device,"deviceInfo, deviceIdentifiers",IntegratedCircuitCardID,niem-xs : string,An identification number for a device's Integrated Circuit Card.,Initial refinement completed. Pending Tiger Team review.,
issuerId,string,Identifier for a SIM card issuer,deviceInfo,SimCardIssuerId,nc : IdentificationType,An identifier for a SIM card issuer.,Initial refinement completed. Pending Tiger Team review.,
spn,integer,SIM Service Provider Name,deviceInfo,,,,Needs to be refined by Tiger Team.,
acc,string,SIM Access Control Class,deviceInfo,SIMAccessControlClass,SIMAccessControlClassType,A category of SIM Access Control Class codes.,Initial refinement completed. Pending Tiger Team review.,
msisdn,string,Mobile Station International Subscriber Directory number for a device,"deviceInfo, deviceIdentifiers",,,,Needs to be refined by Tiger Team.,
currentSimPhoneNumber,string,A telephone number stored in memory on a device.,deviceInfo,nc:DeviceStoredTelephoneNumber,nc : TelephoneNumberType,A telephone number stored in memory on a device.,Mapped to existing NIEMOpen attribute.,
simChangeTime,string,Date and time that a device's SIM was changed,deviceInfo,,,,Needs to be refined by Tiger Team.,
simChangeOperation,string,Code representing the type of SIM change performed,deviceInfo,,,,Needs to be refined by Tiger Team.,
currentSimOperator,string,Mobile phone carrier associated with the current SIM,deviceInfo,CurrentSimOperatorID,nc:IdentificationID,Mobile phone carrier associated with the current SIM.,Initial refinement completed. Pending Tiger Team review.,
currentSimCountryISO,string,ISO country code associated with the current SIM,deviceInfo,CurrentSimCountryISO,nc:ISOCountryCode,ISO country code associated with the current SIM.,Initial refinement completed. Pending Tiger Team review.,
recoveryModeEvent,string,Date and time that a recovery mode event occurred,deviceInfo,,,,Needs to be refined by Tiger Team.,
carrierName,string,Name of a telecommunication company,deviceInfo,CarrierName,nc:TextType,Name of a telecommunication company.,Initial refinement completed. Pending Tiger Team review.,
advertisingId,string,Mobile advertising identifier assigned to a device,deviceInfo,AdvertisingId,nc:IdentificationType,A mobile advertising identifier assigned to a device.,Initial refinement completed. Pending Tiger Team review.,
bluetoothMacAddress,string,"Media Access Control address for a bluetooth device
",deviceInfo,BluetoothMacAddress,nc:DeviceElectronicAddress,The Media Access Control address associated with a bluetooth device.,Initial refinement completed. Pending Tiger Team review.,
factoryNumber,string,A number assigned to a device during manufacturing,deviceInfo,DeviceFactoryNumberText,niem-xs : string,A number assigned to a device during manufacturing.,Initial refinement completed. Pending Tiger Team review.,
imei,integer,An identification number of a device specified as an International Mobile Equipment Identity assigned to every mobile phone by the manufacturer.,deviceInfo,nc:DeviceIMEIIdentification,nc : IdentificationType,An identification number of a device specified as an International Mobile Equipment Identity assigned to every mobile phone by the manufacturer.,Mapped to existing NIEMOpen attribute.,
capacityGB,integer,"Storage capacity of an electronic device, represented in gigabytes (GB).",deviceInfo,StorageCapacityGB,nc:AmountType,"Storage capacity of an electronic device, represented in gigabytes (GB).",Initial refinement completed. Pending Tiger Team review.,
tethering,object,Information related to device tethering,deviceInfo,,,,Needs to be refined by Tiger Team.,
hotspotPasswordRequired,string,Password for a device's hotspot connection,tethering,HotspotPasswordText,nc : TextType,A password for a device's hotspot connection.,Initial refinement completed. Pending Tiger Team review.,
examinerSummary,string,Analytical summary of device contents,deviceInfo,ExaminerDeviceSummaryText,nc : TextType,An analytical summary of device contents.,Initial refinement completed. Pending Tiger Team review.,
remoteDevice,string,,deviceInfo,,,,Needs to be refined by Tiger Team.,
deviceNetworkInformation,array,"Information related to the network connection of a device, including network attribute names, data values, and storage locations.",,DeviceNetworkInformationAssociation,nc : AssociationType,"Information related to the network connection of a device, including network attribute names, data values, and storage locations.",Initial refinement completed. Pending Tiger Team review.,
deviceNetworkAttribute,string,A name for a data attribute related to device network information,deviceNetworkInformation,DeviceNetworkAttributeName,nc : TextType,A name for a data attribute related to device network information.,Initial refinement completed. Pending Tiger Team review.,
deviceNetworkData,string,"An electronic data that consists of the domain name, Internet Protocol (IP) address and/or Universal Resource Locator (URL), server location, network name, file type, and originator of electronic data. Sufficient information must be entered for the user to utilize File Transfer Protocol (FTP) or Internet browser methods to locate, access and download files.",deviceNetworkInformation,usmtf:ElectronicDataText,usmtf : ElectronicDataType,"An electronic data that consists of the domain name, Internet Protocol (IP) address and/or Universal Resource Locator (URL), server location, network name, file type, and originator of electronic data. Sufficient information must be entered for the user to utilize File Transfer Protocol (FTP) or Internet browser methods to locate, access and download files.",Mapped to existing NIEMOpen attribute.,
storage,string,"In computer forensics, retrievable retention of data; electronic, electrostatic, or electrical hardware or other media into which data may be entered, and from which data may be retrieved",deviceNetworkInformation,DeviceNetworkInformationStorageText,nc : TextType,"A kind of electronic, electrostatic, or electrical hardware or other media used to enter and retrieve network data.",Initial refinement completed. Pending Tiger Team review.,
applications,object,A computer application used to process data.,,nc:Software,nc : softwareType,A computer application used to process data.,Mapped to existing NIEMOpen attribute.,
fileSystem,string,The way the operating system keeps track of the files on the drive.,"applications, document, archives, audio, configurations, databases, images, text, videos",FileSystemText,nc : TextType,A name of a file system use to keep track of the files on a drive.,Initial refinement completed. Pending Tiger Team review.,
metadataName,string,Name of a category of metadata,metadata,,,,Needs to be refined by Tiger Team.,
metadataValue,string,"Value of a category of metadata, paired with metadataName",metadata,,,,Needs to be refined by Tiger Team.,
md5,string,"A widely used cryptographic hash function producing a 16-byte hash value, typically expressed in text format as a 32-digit hexadecimal number. MD5 is commonly used to verify data integrity.","applications, document, archives, audio, configurations, databases, images, text, videos, primaryDeviceUserInformation, unrecognizedFiles",Md5HashValueText,nc : TextType,"A cryptographic hash function producing a 16-byte hash value, represented in text format as a 32-digit hexadecimal number.",Initial refinement completed. Pending Tiger Team review.,
dHashValue,string,A visual hash which can be used to quickly find similar pictures.,image,dHashValue,nc : ValueType,Value of a visual hash used to quickly find similar pictures.,Initial refinement completed. Pending Tiger Team review.,
classifications,string,"Systematic arrangements of persons or objects into categories (groups or classes) based on shared traits or
characteristics.","applications, documents, archives, audio, configurations, databases, images, text, videos",EntityCategoryClassificationsType,nc:TextType,Systematic arrangements of persons or objects into categories (groups or classes) based on shared traits or characteristics.,Initial refinement completed. Pending Tiger Team review.,
hashSets,string,Hash sets used by hash databases to identify and eliminate images and videos.,"applications, documents, archives, audio, configurations, databases, images, text, videos",HashSetText,nc : TextType,A hash set used by hash databases to identify and eliminate images and videos.,Initial refinement completed. Pending Tiger Team review.,
category,string,A description of a kind of information in a data file,"applications, document, archives, audio, configurations, databases, images, locations, text, videos, simData",cbrn:DataFileCategoryDescriptionText,niem-xs : string,A description of a kind of information in a data file,Mapped to existing NIEMOpen attribute.,
sha256,string,Type of hashing algorithm recommended for forensic use,"applications, document, archives, audio, configurations, databases, images, text, videos, unrecognizedFiles",,,,Needs to be refined by Tiger Team.,
deleted,string,Files no longer associated with a file allocation table or master file table. Deleted files are still resident on the media but are not accessible by the operating system.,"applications, document, devices, deviceInfo, archives, audio, callLog, chats, configurations, contacts, databases, deviceConnectivity, deviceEvents, deviceUsers, downloads, images, installedApplications, instantMessages, locations, networkUsages, passwords, searchedItems, text, userAccounts, videos, webBookmarks, webHistory, timeline, simData, activitySensorData, unrecognizedFiles",DeletedFiles,nc : TextType,A list of files no longer associated with a file allocation table or master file table. Deleted files are still resident on the media but are not accessible by the operating system.,Initial refinement completed. Pending Tiger Team review.,
deletedTime,string,Date and time of deletion,"applications, document, archives, audio, chats, configurations, databases, images, installedApplications, text, videos",FileDeletedTime,niem-xs:dateTime,Date and time that a file was deleted.,Initial refinement completed. Pending Tiger Team review.,
tagNote,string,Text description of a tag,"applications, document, devices, deviceInfo, archives, audio, callLog, chats, configurations, contacts, databases, deviceConnectivity, deviceEvents, deviceUsers, downloads, images, installedApplications, instantMessages, locations, networkUsages, passwords, searchedItems, text, userAccounts, videos, webBookmarks, webHistory, timeline, simData, wirelessNetworks",,,,Needs to be refined by Tiger Team.,
additionalFileInfo,object,File information not specified elsewhere,"applications, archives, audio, configurations, databases, images, text, videos",AdditionalFileInfoText,niem-xs:string,Additional details about a file.,Initial refinement completed. Pending Tiger Team review.,
numberOfAttachments,integer,Attachment quantity,"additionalFileInfo, chats",AttachmentQuantity,niem-xs : integer,Number of files attached to a message.,Initial refinement completed. Pending Tiger Team review.,
attachmentSource,string,Application or service where an attachment originated,"applications, document, archives, audio, configurations, databases, images, text, videos",nc:DocumentContainerAssociation,nc:AssociationType,Associated service where an attachment originated,Mapped to existing NIEMOpen attribute.,
carving,boolean,Indication of whether a portion of data has been extracted for the purpose of analysis,"document, devices, applications, archives, audio, callLog, chats, configurations, contacts, databases, deviceConnectivity, deviceEvents, deviceUsers, downloads, images, installedApplications, instantMessages, locations, networkUsages, passwords, searchedItems, text, userAccounts, videos, webBookmarks, webHistory, wirelessNetworks, timelines, simData",DataCarvingIndicator,xs:boolean,"True if a given portion of data has been extracted for the purpose of analysis, false otherwise.",Initial refinement completed. Pending Tiger Team review.,
duplicates,string,"Accurate digital reproductions of all data contained on a digital storage device (e.g., hard drive, CD-ROM, flash memory, floppy disk, Zip®, Jaz®). Maintains contents and attributes (e.g., bit stream, bit copy, and sector dump).","applications, document, archives, audio, configurations, databases, images, text, videos",DataDuplicateName,nc  : TextType,A file name given to a digital reproduction of  data contained on a digital storage device that maintains contents and attributes of the original data. ,Initial refinement completed. Pending Tiger Team review.,
archives,array,"Data placed on media suitable for long-term storage, from which subsequent working copies can be produced.",,stat:DataStructure,stat:DataStructureType,A structure of an organized collection of data (data set).,Mapped to existing NIEMOpen attribute.,
encrypted,boolean,Indication of whether plain text has been converted into cipher text in order to prevent anyone but the intended recipient from reading the data,"archives, deviceReportSummary",cbrn:DataFileEncryptedIndicator,niem-xs : boolean,True if a data file is encrypted; false otherwise. A boolean flag indicating if the data file is encrypted.,Mapped to existing NIEMOpen attribute.,
numberOfFiles,integer,A quantity of files,archives,,,,Needs to be refined by Tiger Team.,
audio,object,A digital audio data file.,,cbrn:AudioFile,cbrn : AudioFileType,A digital audio data file.,Mapped to existing NIEMOpen attribute.,
convertedName,string,Name of a file after it has been converted to a different file type,audio,ConvertedFileName,nc:TextType,A name of a file after it has been converted to a different file type.,Initial refinement completed. Pending Tiger Team review.,
callLog,array,"List of incoming, outgoing, and missed calls with their details",,j:TelephoneCallAssociation,j:TelephoneCallAssociationType,A relationship between a person and calls placed to a specific telephone number.,Mapped to existing NIEMOpen attribute.,
countryCode,string,"A country, territory, dependency, or other such geopolitical subdivision of a location.",callLog,nc:CountryCode,nc : CodeType,"A country, territory, dependency, or other such geopolitical subdivision of a location.",Mapped to existing NIEMOpen attribute.,
networkCode,string,Code given to a group of computers connected to one another to share information and resources. ,"callLog, deviceInfo",usmtf:NetworkClientCode,usmtf : NetworkClientCodeType,A network client parameter.,Mapped to existing NIEMOpen attribute.,
networkName,string,Name of a group of computers connected to one another to share information and resources. ,callLog,cyber:CyberNetworkName,nc : TextType,A name of the network.,Mapped to existing NIEMOpen attribute.,
parties,array,"Participants in a conversation. For example, communications such as instant messaging, emails, etc.","callLog, timeline, socialMediaActivity, calendarEntry",em:ContactPartyID,nc : IdentificationType,An identifier of a contact party,Mapped to existing NIEMOpen attribute.,
to,string,A telephone number that was dialed by a device.,"parties, chats",nc:DeviceOutgoingTelephoneNumber,nc : TelephoneNumberType,A telephone number that was dialed by a device.,Mapped to existing NIEMOpen attribute.,
from,string,A telephone number of an incoming call.,"parties, chats",nc:DeviceIncomingTelephoneNumber,nc : TelephoneNumberType,A telephone number of an incoming call.,Mapped to existing NIEMOpen attribute.,
timestamp,string,"In computer forensics, a point in time with respect to system time used by a file system to annotate creation, access or modification of file system objects","callLog, chats, instantMessages, locations, searchedItems, wirelessNetworks, timeline, socialMediaActivity",usmtf:SystemGeneratedTimeStamp,usmtf : SystemGeneratedTimeStampType,A local database commit time.,Mapped to existing NIEMOpen attribute.,
duration,string,A duration of the telephone call.,callLog,j:CallDuration,niem-xs : duration,A duration of the telephone call.,Mapped to existing NIEMOpen attribute.,
direction,string,Whether the call was outgoing or incoming,"callLog, instantMessage, timeline",TelephoneCallDirection,nc : TextType,Text to identify whether a call was outgoing or incoming.,Initial refinement completed. Pending Tiger Team review.,
callStatus,string,status of the call,callLog,CallStatusCode,CallStatusCodeType,A status of a phone call.,Initial refinement completed. Pending Tiger Team review.,
videoCall,boolean,indicator of whether or not the call was a video call,callLog,,,,Needs to be refined by Tiger Team.,
deviceDescriptions,string,Details about a device,"callLog, contacts, instantMessages",DeviceDescriptionText,nc : TextType,A description of a device.,Initial refinement completed. Pending Tiger Team review.,
source,string,"A person, thing, or activity from which information or evidence is obtained.","callLog, devices, chats, contacts, deviceConnectivity, deviceEvents, deviceUsers, downloads, installedApplications, instantMessages, locations, networkUsages, passwords, searchedItems, userAccounts, webBookmarks, webHistory, wirelessNetworks, timeline, contactIdentificationData, simData, socialMediaActivity, calendarEntry, activitySensorData, note",nc:SourceText,nc : TextType,"A name, identifier, or reference of a resource from which the information was taken.",Mapped to existing NIEMOpen attribute.,
accountName,string,A user account name.,"callLog, devices, chats, contacts, locations, passwords, searchedItems, webHistory, socialMediaActivity, note, userAccounts",UserAccountName,niem-xs:string,A user account name.,Initial refinement completed. Pending Tiger Team review.,
manuallyDecoded,boolean,True if the information has been decoded manually; false otherwise,"callLog, devices, chats, contacts, deviceConnectivity, deviceEvents, deviceUsers, downloads, installedApplications, instantMessages, locations, networkUsages, passwords, searchedItems, userAccounts, webBookmarks, webHistory, wirelessNetworks, simData",ManuallyDecodedIndicator,niem-xs : Boolean,True if the information has been decoded manually; false otherwise.,Initial refinement completed. Pending Tiger Team review.,
phoneCallDistance,string,Distance between parties in a phone call,callLog,,,,Needs to be refined by Tiger Team.,
chats,object,"Surface-level list of conversation topics from SMS messages, MMS messages, chats, and instant messaging apps indicating which topics were discussed and when.",,ChatTopicsInfo,ChatTopicsInfoType,"Overview of conversation topics from SMS messages, MMS messages, chats, and instant messaging apps indicating which topics were discussed and when.",Initial refinement completed. Pending Tiger Team review.,
chatNumber,integer,A sequential number given to a chat on a device,chats,ChatNumber,xs:integer,"A sequential number given to a chat recovered from a device, in order of chat occurrence.",Initial refinement completed. Pending Tiger Team review.,
chatIdentifier,string,Identifier given to a chat,chats,ChatIdentifier,nc:IdentificationId,An identifier assigned to a chat recovered from a device.,Initial refinement completed. Pending Tiger Team review.,
chatType,string,Kind of chat,chats,ChatTypeDescriptionText,nc:TextType,A kind of conversation.,Initial refinement completed. Pending Tiger Team review.,
chatStartTime,string,Time that a conversation began,chats,ChatStartTime,nc:DateTime,Date and time that a conversation began.,Initial refinement completed. Pending Tiger Team review.,
lastActivityTime,string,Most recent time of activity that occurred in a conversation,chats,LastChatActivityDateTime,niem-xs:dateTime,A date and time that the most recent activity in a chat conversation occurred.,Initial refinement completed. Pending Tiger Team review.,
chatName,string,Name given to a chat,chats,ChatName,nc:TextType,A name given to a chat recovered from a device.,Initial refinement completed. Pending Tiger Team review.,
chatDescription,string,Information about a chat,chats,ChatDescriptionText,nc:TextType,"A description of a ""chat"" recovered from a device's SMS messages, MMS messages, chats, or instant messaging apps.",Initial refinement completed. Pending Tiger Team review.,
participantPhoto,string,base64 encoded image of a chat participant,chats,,,,Needs to be refined by Tiger Team.,
participants,array,List of chat participants,"chats, parties",,,,Needs to be refined by Tiger Team.,
isGroupAdmin,boolean,"True if a chat participant is the group admin, false otherwise",parties,isGroupAdminIndicator,niem-xs : boolean,True if a chat participant is the group admin; false otherwise.,Initial refinement completed. Pending Tiger Team review.,
deletedChat,string,"Chat files that are no longer associated with a file allocation table or master file table. Deleted files are still resident on
the media but are not accessible by the operating system.",chats,DeletedChatFiles,nc : TextType,A list of chat files that are no longer associated with a file allocation table or master file table. Deleted files are still resident on the media but are not accessible by the operating system.,Initial refinement completed. Pending Tiger Team review.,
instantMessageNumber,integer,An identifier assigned to a specific message. A originating command may develop the message serial number by any method.,chats,usmtf:MessageSerialNumberID,usmtf : MessageSerialNumberType,An identifier assigned to a specific message. A originating command may develop the message serial number by any method.,Mapped to existing NIEMOpen attribute.,
participantTimestamps,string,"List of times that instant message events occurred for each participant, such as delivered, read, and played (for audio message)",chats,,,,Needs to be refined by Tiger Team.,
cc,string,An electronic mailing address that was included on the CC (carbon copy) line of an email.,"chats, instantMessages",CCEmailID,xs:string,An electronic mailing address that was included on the CC (carbon copy) line of an email.,Initial refinement completed. Pending Tiger Team review.,
bcc,string,An electronic mailing address that was included on the BCC (blind carbon copy) line of an email.,"chats, instantMessages",BCCEmailID,xs:string,An electronic mailing address that was included on the BCC (blind carbon copy) line of an email.,Initial refinement completed. Pending Tiger Team review.,
messagePriority,string,A code for the message content priority associated with a content header.,"chats, instantMessages",cbrn:MessagePriorityCode,cbrncl : MessagePriorityCodeType,A code for the message content priority associated with a content header.,Mapped to existing NIEMOpen attribute.,
messageSubject,string,A subject line or field of a message.,"chats, instantMessages",nc:MessageSubjectText,nc : TextType,A subject line or field of a message.,Mapped to existing NIEMOpen attribute.,
messageBody,string,A body or main content of a message.,"chats, instantMessages",nc:MessageText,nc : TextType,A body or main content of a message.,Mapped to existing NIEMOpen attribute.,
messageStatus,string,A status of the message.,"chats, instantMessages",cbrn:MessageStatus,cbrn : MessageStatusType,A status of the message.,Mapped to existing NIEMOpen attribute.,
messagePlatform,string,Messaging platform used,chats,nc:InstantMessegerServiceName,nc : TextType,A name of an instant messaging service.,Mapped to existing NIEMOpen attribute.,
messageLabel,string,A description of a message,"chats, instantMessages",em:MessageDescriptionText,nc : TextType,A description of a message,Mapped to existing NIEMOpen attribute.,
deliveredTime,string,Date and time that a message was delivered to the receiving party,"chats, instantMessages",MessageDeliveredTime,niem-xs:dateTime,Date and time that a message was delivered to the receiving party.,Initial refinement completed. Pending Tiger Team review.,
readTime,string,Date and time that a message was read by the receiving party,"chats, instantMessages",,,,Needs to be refined by Tiger Team.,
attachment,string,Name of an attachment ,"chats, timeline, socialMediaActivity, calendarEntry, note",nc:DocumentName,nc:TextType,attachment,Mapped to existing NIEMOpen attribute.,
attachmentDetails,string,Information about an attachment,chats,nc:DocumentDetailsText,xs:string,Details of an attachment,Mapped to existing NIEMOpen attribute.,
serviceIdentifier,string,Name of a service application used,"chats, deviceConnectivity, instantMessages, locations, searchedItems, webHistory",,,,Needs to be refined by Tiger Team.,
starredMessage,boolean,Indicator of whether or not the message is starred,"chats, instantMessages",,,,Needs to be refined by Tiger Team.,
configurations,object,A set of information about the configuration of a device.,,mo:DeviceConfiguration,mo : DeviceConfigurationType,A set of information about the configuration of a device.,Mapped to existing NIEMOpen attribute.,
contacts,array,A piece of contact information stored on a device.,,nc:DeviceStoredContactInformation,nc : ContactInformationType,A piece of contact information stored on a device.,Mapped to existing NIEMOpen attribute.,
contactName,string,An entity that may be contacted by using the given contact information.,"contacts, contactIdentificationData",nc:ContactEntity,nc : EntityType,An entity that may be contacted by using the given contact information.,Mapped to existing NIEMOpen attribute.,
contactGroup,string,A description of the entity being contacted.,contacts,nc:ContactEntityDescriptionText,nc : TextType,A description of the entity being contacted.,Mapped to existing NIEMOpen attribute.,
interactionStatuses,string,Kind of interactions encountered with a contact,contacts,ContactInteractionCategoriesText,nc : TextType,A description of the kind(s) of interaction(s) encountered with a contact.,Initial refinement completed. Pending Tiger Team review.,
contactEntry,object,A set of details about how to contact a person or an organization.,contacts,nc:ContactInformation,nc : ContactInformationType,A set of details about how to contact a person or an organization.,Mapped to existing NIEMOpen attribute.,
mobilePhone,string,A cell phone number by which a person may be contacted.,"contactEntry, reportExaminer, modifiedBy",nc:ContactTelephoneNumber,nc : TelephoneNumberType,A telephone number for a telecommunication device by which a person or organization may be contacted.,Mapped to existing NIEMOpen attribute.,
generalPhone,string,A telephone number for a contact.,contactEntry,j:ContactPersonTelephoneNumber,nc : TelephoneNumberType,A telephone number for a contact.,Mapped to existing NIEMOpen attribute.,
uniqueID,string,Unique user ID for a contact over social media,contactEntry,,,,Needs to be refined by Tiger Team.,
whatsAppUserID,string,A particular user name of a user's What's App account,"contactEntry, entries",nc:InstantMessengerScreenID,niem-xs : string,An account identifier used to reference a person or organization within an instant messaging system.,Mapped to existing NIEMOpen attribute.,
jid,string,,contactEntry,,,,Needs to be refined by Tiger Team.,
webAddress,string,A complete web address as listed on the Internet and/or SIPRNET.,contactEntry,usmtf:WebsiteAddressText,usmtf : WebsiteAddressType,A complete web address as listed on the Internet and/or SIPRNET.,Mapped to existing NIEMOpen attribute.,
contactNotes,string,A field used by the POC or user to provide additional information,contacts,mo:ContactInformationComment,nc : CommentType,A field used by the POC or user to provide additional information,Mapped to existing NIEMOpen attribute.,
organization,string,A name of an organization.,"contacts, userAccounts",nc:OrganizationName,nc : TextType,A name of an organization.,Mapped to existing NIEMOpen attribute.,
address,string,A physical address for a location. This may or may not be the same as the location's mailing address.,"contacts, locations, userAccounts, timeline",nc:PhysicalAddress,nc : AddressType,A physical address for a location. This may or may not be the same as the location's mailing address.,Mapped to existing NIEMOpen attribute.,
userTag,,,contacts,,,,Needs to be refined by Tiger Team.,
additionalInfo,string,Additional details about an item or event,"contacts, devices, networkUsages, userAccounts, deviceUsers, deviceEvents, downloads",AdditionalEntityInfoText,niem-xs:string,Additional details about an item or event.,Initial refinement completed. Pending Tiger Team review.,
lastContactTime,string,Date and time that an entity was last contacted,contacts,LastContactDateTime,niem-xs:dateTime,A date and time that an entity was last contacted.,Initial refinement completed. Pending Tiger Team review.,
timesContacted,string,Number of times that an entity was contacted,contacts,,,,Needs to be refined by Tiger Team.,
sourceExtraction,,A method of exporting data from a source,"contact, simData",SourceExtractionMethodText,nc : TextType,A method used to export data from a source.,Initial refinement completed. Pending Tiger Team review.,
link,string,A name of a link.,"contacts, userAccounts",mo:LinkName,nc : TextType,A name of a link.,Mapped to existing NIEMOpen attribute.,
databases,array,An organized collection of data.,,stat:DataSet,stat : DataSetType,An organized collection of data.,Mapped to existing NIEMOpen attribute.,
rowCount,integer,Number of rows in a database,databases,,,,Needs to be refined by Tiger Team.,
decodedBy,string,Name of a tool used to decode information,databases,DecodedByToolName,nc:TextType,Name of a tool used to decode information.,Initial refinement completed. Pending Tiger Team review.,
applicationName,string,A name of a computer application used to process data.,"databases, installedApplications",nc:SoftwareName,nc : TextType,A name of a computer application used to process data.,Mapped to existing NIEMOpen attribute.,
deviceConnectivity,object,the ability to connect to or communicate with another computer or computer system,,DeviceConnectivity,DeviceConnectivityType,A device's ability to connect to or communicate with another computer or computer system.,Initial refinement completed. Pending Tiger Team review.,
startTime,string,A start date and time group expressed in Zulu to the nearest second.,"deviceConnectivity, deviceEvents, downloads, activitySensorData, calendarEntry",usmtf:StartDateTime,usmtf : DateTimeGroupSecondsZuluType,A start date and time group expressed in Zulu to the nearest second.,Mapped to existing NIEMOpen attribute.,
connectivityMethod,string,The kind of connection made to a device (e.g. Bluetooth),deviceConnectivity,ConnectivityMethod,nc:TextType,A connection made to a device (e.g. Bluetooth).,Initial refinement completed. Pending Tiger Team review.,
deviceIdentifiers,object,Attributes used to describe and identify a device,"deviceConnectivity, devices",DeviceIdentifiers,nc : IdentificationType,Information used to describe and identify a device.,Initial refinement completed. Pending Tiger Team review.,
deviceIdentifierComment,string,Details related to the additional device identifiers,deviceIdentifiers,nc:CommentText,nc : TextType,"A comment, note, or remark providing additional information.",Mapped to existing NIEMOpen attribute.,
connectivityNature,string,Description of the device connection,deviceConnectivity,ConnectivityNatureDescription,xs:string,Description of a device connection.,Initial refinement completed. Pending Tiger Team review.,
artifactFamily,string,Category of information or data created as a result of the use of an electronic device that shows past activity.,"deviceConnectivity, installedApplications, networkUsages, webHistory, wirelessNetworks",stat:ArtifactDescriptionText,nc : TextType,A description of the information object.,Mapped to existing NIEMOpen attribute.,
sourceRepositoryPath,string,An identifier assigned to the repository from which the information originated.,"deviceConnectivity, installedApplications, webHistory, wirelessNetworks",nc:RepositoryID,niem-xs : string,An identifier assigned to the repository from which the information originated.,Mapped to existing NIEMOpen attribute.,
deviceEvents,array,"Registered activity of any kind, including: Files, SMS, Instant Messages, phone calls, saved contacts, browser cookies, visited web pages, emails, locations, installation of applications, MMS, calendar entries, browser searches, application usage, passwords, etc.",,cbrn:SystemEvent,cbrn : SystemEventType,A set of data about a system event.,Mapped to existing NIEMOpen attribute.,
endTime,string,An ending date and time of a special event.,"deviceEvents, downloads, locations, wirelessNetworks, activitySensorData, calendarEntry",cbrn:SpecialEventEndDateTime,niem-xs : dateTime,An ending date and time of a special event.,Mapped to existing NIEMOpen attribute.,
eventTitle,string,A name of some event.,deviceEvents,mo:EventName,niem-xs : string,A name of some event.,Mapped to existing NIEMOpen attribute.,
deviceUsers,array,A person who uses a device.,,nc:DeviceUser,nc : PersonType,A person who uses a device.,Mapped to existing NIEMOpen attribute.,
deviceSerialNumber,string,An identification number of a device specified as an electronic serial number assigned to every GSM and UMTS cellular phone by the specific manufacturer.,"deviceUsers, devices",nc:DeviceESNIdentification,nc : IdentificationType,An identification number of a device specified as an electronic serial number assigned to every GSM and UMTS cellular phone by the specific manufacturer.,Mapped to existing NIEMOpen attribute.,
deviceUserName,string,"A person's actual name, used as an identifier for a system user.",deviceUsers,nc:UserPersonName,nc : PersonNameType,"A person's actual name, used as an identifier for a system user.",Mapped to existing NIEMOpen attribute.,
lastLoggedInTime,string,Date and time that a device was last signed into,deviceUsers,LastLoginDateTime,niem-xs:dateTime,A date and time that a device was last signed into.,Initial refinement completed. Pending Tiger Team review.,
deviceRestrictions,string,A limitation on the use of a device,deviceUsers,DeviceRestrictionsText,nc : TextType,A limitation on the use of a device.,Initial refinement completed. Pending Tiger Team review.,
deviceUserGroups,string,A name of a cyber group.,deviceUsers,mo:CyberGroupPrimaryName,nc : TextType,A name of a cyber group.,Mapped to existing NIEMOpen attribute.,
userType,string,Kind of device user,deviceUsers,,,,Needs to be refined by Tiger Team.,
photo,string,A name for the image.,deviceUsers,mo:ImageName,nc : TextType,A name for the image.,Mapped to existing NIEMOpen attribute.,
mt,string,Machine translation of a document name to English,document,,,,Needs to be refined by Tiger Team.,
fileAuthor,string,An entity primarily responsible for creating the intellectual content of the resource.,document,nc:DocumentAuthor,nc : EntityType,An entity primarily responsible for creating the intellectual content of the resource.,Mapped to existing NIEMOpen attribute.,
downloads,array,"Items (data, files, etc.) transferred from one location to another",,DownloadedFile,FileType,"Items (data, files, etc.) transferred from one location to another.",Initial refinement completed. Pending Tiger Team review.,
url,string,An identifier representing a universal resource locator (URL).,"downloads, webBookmarks, webHistory, socialMediaActivity",nc:URLID,niem-xs : anyURI,An identifier representing a universal resource locator (URL).,Mapped to existing NIEMOpen attribute.,
lastAccessed,string,date and time that a file was most recently accessed,downloads,FileLastAccessedDateTime,niem-xs:dateTime,A date and time that a file was most recently accessed.,Initial refinement completed. Pending Tiger Team review.,
bytesReceived,integer,Number of bytes received over a network,"downloads, networkUsages",NetworkBytesSentNumber,niem-xs : integer,Number of bytes received over a network.,Initial refinement completed. Pending Tiger Team review.,
downloadState,string,Status of the download,downloads,DownloadStatus,nc : StatusType,Status of the download.,Initial refinement completed. Pending Tiger Team review.,
globalDownloadUrlChains,string,,downloads,,,,Needs to be refined by Tiger Team.,
fuzzyEvents,array,Event data parsed by the analysis tool that should be manually verified,deviceEvents,ManualVerificationNeededIndicator,niem-xs : Boolean,True if the parsed data should be manually verified; false if manual verification is not needed.,Initial refinement completed. Pending Tiger Team review.,
additionalContactDetails,string,Contact information not specified elsewhere,,mo:AdditionalContactInformation,niem-xs:string,An additional means of contacting someone.,Mapped to existing NIEMOpen attribute.,
geolocation,,,,nc:Location ,nc : LocationType,A geospatial location.,Mapped to existing NIEMOpen attribute.,
table,string,Name of table in a database,,,,,Needs to be refined by Tiger Team.,
databaseName,string,A name and version of the system controlling the database key for a database record of entry.,,usmtf:DatabaseSystemName,usmtf : DatabaseSystemNameType,A name and version of the system controlling the database key for a database record of entry.,Mapped to existing NIEMOpen attribute.,
fuzzyObjects,array,Object data parsed by the analysis tool that should be manually verified,,ManualVerificationNeededIndicator,niem-xs : Boolean,True if the parsed data should be manually verified; false if manual verification is not needed.,Initial refinement completed. Pending Tiger Team review.,
objectName,string,A name of an observed object.,,mo:ObservedObjectName,nc : TextType,A name of an observed object.,Mapped to existing NIEMOpen attribute.,
properties,string,,,,,,Needs to be refined by Tiger Team.,
propertyType,string,Name of a type of property,properties,,,,Needs to be refined by Tiger Team.,
propertyValue,string,Value for a type of property,properties,,,,Needs to be refined by Tiger Team.,
password,object,A sequence of characters required for access to a computer system or digital device,"userAccounts, wirelessNetworks",,,,Needs to be refined by Tiger Team.,
passwordData,string,Text of a password,password,,,,Needs to be refined by Tiger Team.,
passwordType,string,Name of the type of password,password,,,,Needs to be refined by Tiger Team.,
imageHashes,object,A pattern for a hash value computed from a binary object like Image.,,biom:ImageHashValue,biom : ImageHashValueType,A pattern for a hash value computed from a binary object like Image.,Mapped to existing NIEMOpen attribute.,
imageName,string,A name for the image.,imageHashes,mo:ImageName,mo : TextType,A name for the image.,Mapped to existing NIEMOpen attribute.,
hashFunction,string,An established mathematical calculation that generates a numerical value based on input data. This numerical value is referred to as the hash or hash value.,imageHashes,nc:BinaryHashFunctionText,nc : TextType,A hash function used to generate a hash value representing an object encoded in a binary format.,Mapped to existing NIEMOpen attribute.,
referenceHashValue,string,,imageHashes,,,,Needs to be refined by Tiger Team.,
calculatedHashValue,string,,imageHashes,CalculatedHashValue,nc:ValueType,A calculated value for an image hash.,Initial refinement completed. Pending Tiger Team review.,
hashState,string,Status of hash data,imageHashes,HashStateText,nc : TextType,A status of hash data.,Initial refinement completed. Pending Tiger Team review.,
textualMetadata,object,,image,,,,Needs to be refined by Tiger Team.,
imageDescription,string,A text for the primary description of the image.,image,mo:ImageDescriptionText,nc : TextType,A text for the primary description of the image.,Mapped to existing NIEMOpen attribute.,
installedApplications,object,A detailed description of installed application software using the Common Platform Enumeration Standard.,,mo:InstalledSoftware,mo : softwareType,A detailed description of installed application software using the Common Platform Enumeration Standard.,Mapped to existing NIEMOpen attribute.,
operationMode,string,Description of whether the application operates in the foreground or background,installedApplications,,,,Needs to be refined by Tiger Team.,
applicationDescription,string,Text describing a device application,installedApplications,,,,Needs to be refined by Tiger Team.,
appVersion,string,A version of a computer application.,installedApplications,nc:SoftwareVersionText,nc : TextType,A version of a computer application.,Mapped to existing NIEMOpen attribute.,
identifier,string,A unique data string used as a key in the biometric system to name a biometric subject's identity and its associated attributes. An example of an identifier would be a passport number.,"installedApplications, deviceUsers",j:SubjectIdentification,nc : IdentificationType,An assigned identification that identifies a subject.,Mapped to existing NIEMOpen attribute.,
applicationID,string,Identifier for an application,"installedApplications, networkUsages",,,,Needs to be refined by Tiger Team.,
purchaseTime,string,Date and time that an application was purchased,installedApplications,,,,Needs to be refined by Tiger Team.,
installTime,string,Date and time that an application was installed,installedApplications,ApplicationInstallTime,niem-xs : dateTime,,Needs to be refined by Tiger Team.,
lastModifiedTime,string,A date a document was last changed.,installedApplications,nc:DocumentLastModifiedDate,nc : DateType,A date a document was last changed.,Mapped to existing NIEMOpen attribute.,
copyright,string,An owner of the copyright for the publication.,installedApplications,nc:PublicationPublisherText,nc : TextType,An owner of the copyright for the publication.,Mapped to existing NIEMOpen attribute.,
permissions,string,A code to specify what permissions a user has in the system.,installedApplications,usmtf:UserPermissionsCode,usmtf : UserPermissionsCodeType,A code to specify what permissions a user has in the system.,Mapped to existing NIEMOpen attribute.,
aliasNames,string,Assumed or additional name(s) that a person sometimes uses,installedApplications,usmtf:AliasName,usmtf:PersonNameType,An assumed name of the person.,Mapped to existing NIEMOpen attribute.,
applicationSizeBytes,integer,Size of an application in bytes,installedApplications,,,,Needs to be refined by Tiger Team.,
decoded,boolean,Indication of whether encoded text has been converted to plain text by means of a code,installedApplications,TextDecodedIndicator,niem-xs : Boolean,True if an encoded text has been converted to plain text by means of a code; false otherwise.,Initial refinement completed. Pending Tiger Team review.,
launches,integer,Number of times an application has been launched,installedApplications,ApplicationLaunchCount,niem-xs : integer,A number of times that an application has been launched.,Initial refinement completed. Pending Tiger Team review.,
activations,integer,Number of times an application has been activated,installedApplications,ApplicationActivationCount,niem-xs:integer,A number of times that an application has been activated.,Initial refinement completed. Pending Tiger Team review.,
activeTime,string,Amount of time that something was active,installedApplications,ActivityActiveDurationValue,niem-xs:duration,A duration of time that something was active.,Initial refinement completed. Pending Tiger Team review.,
backgroundTime,string,Amount of time that an application was running in the background,installedApplications,ApplicationProfileBackgroundDuration,nc:DurationType,Amount of time that an application was running in the background.,Initial refinement completed. Pending Tiger Team review.,
lastLaunchDate,string,Date that an application was most recently launched,installedApplications,ApplicationLastLaunchDateTime,niem-xs:dateTime,A date and time that an application was most recently launched.,Initial refinement completed. Pending Tiger Team review.,
isEmulatable,boolean,Indicator of if the application is able to be emulated,installedApplications,isEmulatableIndicator,niem-xs : boolean,True if an application is able to be emulated; false otherwise.,Initial refinement completed. Pending Tiger Team review.,
instantMessages,array,A facility for exchanging messages in real-time with other people over the Internet and tracking the progress of a given conversation.,,InstantMessage,InstantMessageType,A facility for exchanging messages in real-time with other people over the Internet and tracking the progress of a given conversation.,Initial refinement completed. Pending Tiger Team review.,
smsc,,,instantMessage,,,,Needs to be refined by Tiger Team.,
folder,string,a location where files are stored,"instantMessage, note",SystemFolderText,nc : TextType,A location where files are stored on a system.,Initial refinement completed. Pending Tiger Team review.,
messageType,string,A kind of message category.,instantMessage,nc:MessageCategoryText,nc : TextType,A kind of message category.,Mapped to existing NIEMOpen attribute.,
messageDeletionReason,string,Justification for the deletion of a message,instantMessage,MessageDeletionReasonText,nc : TextType,A justification for the deletion of a message.,Initial refinement completed. Pending Tiger Team review.,
serviceCenter,string,,instantMessage,,,,Needs to be refined by Tiger Team.,
reference,string,,instantMessage,,,,Needs to be refined by Tiger Team.,
segments,integer,,instantMessage,,,,Needs to be refined by Tiger Team.,
segmentNumber,integer,,instantMessage,,,,Needs to be refined by Tiger Team.,
locations,array,"Data stored within the mobile device from different sources including Cell towers, WiFi networks, Harvested Cell towers, Harvested WiFi networks, Media locations, Favorites, Reminders, Home, Entered, TomTom, Foursquare, GpsFix, Recent, Frequent, Wireless networks",,,,,Needs to be refined by Tiger Team.,
locationDescription,string,A description of a location.,locations,nc:LocationDescriptionText,nc : TextType,A description of a location.,Mapped to existing NIEMOpen attribute.,
origin,string,A name of the place that defines the origin.,"locations, searchedItems",usmtf:OriginPlaceName,usmtf : PlaceName20CharMaxType,A name of the place that defines the origin.,Mapped to existing NIEMOpen attribute.,
precision,string,"The degree of mutual agreement among a series of individual measurements, values, and/or results.",locations,,,,Needs to be refined by Tiger Team.,
map,string,An identification of the graphic (map) used in conjunction with other intelligence data.,locations,usmtf:MapReference,usmtf : MapReferenceType,An identification of the graphic (map) used in conjunction with other intelligence data.,Mapped to existing NIEMOpen attribute.,
mapAddress,string,A description of a map location.,"locations, searchedItems, webBookmarks",nc:MapLocationDescriptionText,nc : TextType,A description of a map location.,Mapped to existing NIEMOpen attribute.,
aggregatedLocations,integer,A group of locations,locations,AggregatedLocationsText,nc:TextType,A description of locations grouped together.,Initial refinement completed. Pending Tiger Team review.,
locationType,string,A kind or functional description of a location.,locations,nc:LocationCategoryText,nc : TextType,A kind or functional description of a location.,Mapped to existing NIEMOpen attribute.,
confidence,string,"An indication of confidence, as a percent ranging from 0.0 to 100.0, in the overall accuracy of the analysis, where increasing values indicate higher confidence.",locations,cbrn:AnalysisConfidenceValue,cbrn : PercentType,"An indication of confidence, as a percent ranging from 0.0 to 100.0, in the overall accuracy of the analysis, where increasing values indicate higher confidence.",Mapped to existing NIEMOpen attribute.,
country,string,"When provided as an identifier (GUID) or string ( name ), will return only results assigned to a particular country",locations,nc:Country,nc : CountryType,"A country, territory, dependency, or other such geopolitical subdivision of a location.",Mapped to existing NIEMOpen attribute.,
locality,string,"When provided as an identifier (GUID) or string ( name ), will return only results assigned to a particular locality ( i.e. a village, town, or city )",locations,j:DistrictIdentification,nc : IdentificationType,An identification of a region or locality.,Mapped to existing NIEMOpen attribute.,
activity,string,A description of an activity.,locations,nc:ActivityDescriptionText, nc : TextType,A description of an activity.,Mapped to existing NIEMOpen attribute.,
sender,string,Phone number for the sender of a message,locations,,,,Needs to be refined by Tiger Team.,
senderNickname,string,A name of an entity which sends a message.,locations,nc:MessageSenderName,nc : TextType,A name of an entity which sends a message.,Mapped to existing NIEMOpen attribute.,
receiver,string,A telephone number used to receive call.,locations,j:ReceiverTelephoneNumber,nc : TelephoneNumberType,A telephone number used to receive call.,Mapped to existing NIEMOpen attribute.,
receiverNickname,string,A name of an entity which receives a message.,locations,nc:MessageRecipientName,nc : TextType ,A name of an entity which receives a message.,Mapped to existing NIEMOpen attribute.,
networkUsages,object,A relationship between an activity and a network address.,,j:ActivityNetworkAddressAssociation,j : ActivityNetworkAddressAssociationType,A relationship between an activity and a network address.,Mapped to existing NIEMOpen attribute.,
ssId,string,Service set identifier,"networkUsages, wirelessNetworks",,,,Needs to be refined by Tiger Team.,
bytesSent,integer,Number of bytes sent over a network,networkUsages,NetworkBytesSentNumber,niem-xs : integer,Number of bytes sent over a network.,Initial refinement completed. Pending Tiger Team review.,
OSUserId,string,An identifier for a system user in the form of a person's system access (logon) id.,networkUsages,nc:UserLogonID,niem-xs : string,An identifier for a system user in the form of a person's system access (logon) id.,Mapped to existing NIEMOpen attribute.,
roaming,boolean,Indicator of whether or not data roaming is used,networkUsages,,,,Needs to be refined by Tiger Team.,
usageMode,,A manner or way in which an item is used.,networkUsages,nc:ItemUsageText,nc : TextType,A manner or way in which an item is used.,Mapped to existing NIEMOpen attribute.,
networkConnectionType,string,Category of connection used by a group of computers to share information and resources. ,networkUsages,cyber:CyberNetworkDescriptionText,nc : TextType,A description of a network.,Mapped to existing NIEMOpen attribute.,
passwords,array,A list of passwords,,,,,Needs to be refined by Tiger Team.,
service,string,Name of a cyber service,passwords,,,,Needs to be refined by Tiger Team.,
server,string,A computer that provides some service for other computers connected to it via a network.,passwords,,,,Needs to be refined by Tiger Team.,
data,string,Information in analog or digital form that can be transmitted or processed,"passwords, contactIdentificationData",cyber:ObservedData,cyber : ObservedDataType,"An information about a cyber security entity, such as a file, system, or network, that has been observed at a particular time",Mapped to existing NIEMOpen attribute.,
passwordLabel,string,Text describing what a password is used for,passwords,,,,Needs to be refined by Tiger Team.,
accessGroup,string,"A list of entities, together with their access rights, that are authorized to have access to a resource.",passwords,ResourceAccessGroup,niem-xs:string,"A list of entities, together with their access rights, that are authorized to have access to a resource.",Initial refinement completed. Pending Tiger Team review.,
genericAttribute,string,A basic attribute associated with a password,passwords,PasswordInformationText,nc : TextType,A description of any details associated with a password.,Initial refinement completed. Pending Tiger Team review.,
searchedItems,object,Item in the device's search history,,,,,Needs to be refined by Tiger Team.,
position,integer,A number indicating the position in a sequence.,"searchedItems, webBookmarks",it:SequenceNumeric,niem-xs : nonNegativeInteger,A number indicating the position in a sequence.,Mapped to existing NIEMOpen attribute.,
value,,,"searchedItems, simData",,,,Needs to be refined by Tiger Team.,
searchResults,string,The candidate list returned from a search.,searchedItems,SearchResultsText,nc : TextType,A candidate list returned from a search.,Initial refinement completed. Pending Tiger Team review.,
searchedIn,string,Application used to perform a search,searchedItems,,,,Needs to be refined by Tiger Team.,
parameters,string,A content of the parameter.,searchedItems,stat:ParameterValueText,nc : TextType,A content of the parameter.,Mapped to existing NIEMOpen attribute.,
text,object,Matter chiefly in the form of words or symbols that is treated as data for processing by computerized equipment,,,,,Needs to be refined by Tiger Team.,
userAccounts,object,A generic account type.,,mo:CyberAccount,mo : CyberAccountType,A generic account type.,Mapped to existing NIEMOpen attribute.,
serviceType,string,Kind of service application,userAccounts,,,,Needs to be refined by Tiger Team.,
serverAddress,string,The IP address of a server,userAccounts,,,,Needs to be refined by Tiger Team.,
entries,object,"Something entered, such as a record or notation of an occurrence, transaction, or proceeding",userAccounts,UserAccountEntriesAssociation,nc : AssociationType,Contact entries associated with the same user account.,Initial refinement completed. Pending Tiger Team review.,
additionalName,string,Other name associated with a contact,"entries, contactEntry",AdditionalNameText,niem-xs:string,Additional name associated with a contact.,Initial refinement completed. Pending Tiger Team review.,
userAccountNotes,string,Details related to a user account,userAccounts,,,,Needs to be refined by Tiger Team.,
videos,array,"List of electronic representations of  sequences of images, depicting either stationary or moving scenes; may include audio.",,cbrn:VideoImageFile,cbrn : VideoImageFileType,A digital video image data file.,Mapped to existing NIEMOpen attribute.,
webBookmarks,array,web searches saved or bookmarked by the user,,,,,Needs to be refined by Tiger Team.,
bookmarkTitle,string,Name given to a website bookmark,webBookmarks,WebsiteBookmarkTitleURI,nc:WebsiteNameType,Name and hyperlink associated with a website bookmark.,Initial refinement completed. Pending Tiger Team review.,
lastVisitedTime,string,Date and time that a page was last visited,"webBookmarks, webHistory",LastVisitedDateTime,niem-xs:dateTime,A date and time that a website was last visited.,Initial refinement completed. Pending Tiger Team review.,
visits,integer,Number of times a page was visited,"webBookmarks, webHistory",,,,Needs to be refined by Tiger Team.,
webHistory,array,browsing history or the list of searched-for/visited websites by the user,,,,,Needs to be refined by Tiger Team.,
historyTitle,string,Name given to a browsing history entry,webHistory,BrowsingHistoryText,nc : TextType,A name of a browsing history entry.,Initial refinement completed. Pending Tiger Team review.,
usagePattern,string,Description of any web usage patterns revealed by web history analysis,webHistory,,,,Needs to be refined by Tiger Team.,
wirelessNetworks,object,Information about a wireless network associated with the device,,,,,Needs to be refined by Tiger Team.,
bssId,string,Basic service set identifier; used to describe sections of a wireless local area network or WLAN,wirelessNetwork,BSSIdentifier,nc:IdentificationID,An identifier for a basic service set (BSS).,Initial refinement completed. Pending Tiger Team review.,
securityMode,string,Name of security protocol used by a wireless network,wirelessNetwork,,,,Needs to be refined by Tiger Team.,
lastConnectedTime,string,Most recent date and time that a device was connected to a particular network,wirelessNetwork,LastConnectionDateTime,niem-xs:dateTime,A date and time that a device most recently connected to a particular network.,Initial refinement completed. Pending Tiger Team review.,
lastAutoConnectionTime,string,Most recent date and time that a device automatically connected to a particular network,wirelessNetwork,LastAutoConnectionDateTime,niem-xs:dateTime,A date and time that a device most recently connected to a particular network automatically.,Initial refinement completed. Pending Tiger Team review.,
package,,,wirelessNetwork,,,,Needs to be refined by Tiger Team.,
timeline,object,Chronological representation of when events occurred,,,,,Needs to be refined by Tiger Team.,
eventDescription,string,A description of some event.,timeline,mo:eventDescriptionText,niem-xs : string,A description of some event.,Mapped to existing NIEMOpen attribute.,
deviceUsageTimelineSummary,string,"Information related to the time a device has been used, including notable device-related events",timeline,DeviceUsageTimelineDescription,nc : TextType,"Information related to the time(s) a device has been used, including notable device-related events.",Initial refinement completed. Pending Tiger Team review.,
contactIdentificationData,object,An association between contact information and a Person or Organization,,im : PartyContactInformationAssociation,im : PartyContactInformationAssociationType,An association between contact information and a Person or Organization,Mapped to existing NIEMOpen attribute.,
simData,object,A smart card that identifies a mobile telephone service subscriber.,,nc:SIMCard,nc : DeviceType,A smart card that identifies a mobile telephone service subscriber.,Mapped to existing NIEMOpen attribute.,
SocialMediaActivity,object,"An event performed on social media, such as a post or comment",,,,,Needs to be refined by Tiger Team.,
taggedParties,object,Person(s) tagged in a social media activity,parties,,,,Needs to be refined by Tiger Team.,
author,object,"An entity primarily responsible for generating the resource. For DoD, creator is synonymous with author, originator, and collector.",parties,mo:Creator,nc : EntityType,"An entity primarily responsible for generating the resource. For DoD, creator is synonymous with author, originator, and collector.",Mapped to existing NIEMOpen attribute.,
privacySettings,string,A description of data privacy for an element,socialMediaActivity,hs:DataPrivacyDescriptionText,nc : TextType,A description of data privacy for an element,Mapped to existing NIEMOpen attribute.,
postStatus,string,A status posted on a social media platform,socialMediaActivity,,,,Needs to be refined by Tiger Team.,
socialMediaPlatform,string,The name of the social media platform used,socialMediaActivity,,,,Needs to be refined by Tiger Team.,
reactions,array,List of reactions to a social media post,socialMediaActivity,,,,Needs to be refined by Tiger Team.,
reactionsCount,integer,Quantity of reactions to a social media post,socialMediaActivity,,,,Needs to be refined by Tiger Team.,
sharesCount,integer,Number of times a social media post was shared,socialMediaActivity,,,,Needs to be refined by Tiger Team.,
socialMediaActivityType,string,Type of action performed on a social media platform,socialMediaActivity,,,,Needs to be refined by Tiger Team.,
commentCount,integer,Number of comments on a social media post,socialMediaActivity,SocialMediaPostCommentCount,xs:integer,Number of comments on a social media post.,Initial refinement completed. Pending Tiger Team review.,
isFromActivityLog,boolean,True if the information was obtained from a social media activity log; false if it was obtained elsewhere,socialMediaActivity,isFromActivityLogIndicator,niem-xs : boolean,True if the information was obtained from a social media activity log; false if it was obtained elsewhere,Initial refinement completed. Pending Tiger Team review.,
socialMediaChannelType,string,Category of a social media channel,socialMediaActivity,,,,Needs to be refined by Tiger Team.,
CalendarEntry,object,An event or activity entered into a calendar on a device,,CalendarEntry,CalendarEntryType,An event or activity entered into a calendar,Initial refinement completed. Pending Tiger Team review.,
attendees,object,Persons attending an event,parties,nc:PersonActivityAssociation,nc:AssociationType,Person information for entities attending an event,Mapped to existing NIEMOpen attribute.,
eventCategory,string,A type or kind of an event.,"calendarEntry, deviceEvents, timeline",mo:EventCategoryCode,mo : CodespaceCodePairType,A type or kind of an event.,Mapped to existing NIEMOpen attribute.,
eventSubject,string,Subject of an event,calendarEntry,EventSubjectText,niem-xs : string,Subject of an event.,Initial refinement completed. Pending Tiger Team review.,
eventPriority,string,Level of importance assigned to an event by the event organizer,calendarEntry,EventPriorityLevel,niem-xs : string,Level of importance assigned to an event by the event organizer.,Initial refinement completed. Pending Tiger Team review.,
eventStatus,string,Status of an event,calendarEntry,EventStatusText,niem-xs : string,Status of an event.,Initial refinement completed. Pending Tiger Team review.,
eventClass,string,Classification of an event,calendarEntry,mo:EventCategoryCode,mo : CodespaceCodePairType,A type or kind of an event.,Mapped to existing NIEMOpen attribute.,
repeatRule,string,,calendarEntry,,,,Needs to be refined by Tiger Team.,
repeatDay,string,Day that an event is set to repeat on,calendarEntry,RepeatDay,nc : TextType,Day that an event is set to repeat on.,Initial refinement completed. Pending Tiger Team review.,
repeatInterval,string,A measure of occurrences of a repeating event per unit of time.,calendarEntry,mo:FrequencyMeasure,mo : FrequencyMeasureType,A measure of occurrences of a repeating event per unit of time.,Mapped to existing NIEMOpen attribute.,
eventAvailability,string,A period of time or a situation in which an entity is available to be contacted with the given contact information.,calendarEntry,nc:ContactInformationAvailabilityText,nc : TextType,A period of time or a situation in which an entity is available to be contacted with the given contact information.,Mapped to existing NIEMOpen attribute.,
eventDetails,string,Additional information about the event,calendarEntry,EventDetailsText,niem-xs : string,Description of an event.,Initial refinement completed. Pending Tiger Team review.,
activitySensorData,object,"Information retrieved from an activity sensor, such as a smart watch",,ActivitySensorDataType,niem-xs:string,A data type for information retrieved from an activity sensor.,Initial refinement completed. Pending Tiger Team review.,
SampleSourceType,string,Type of device that activity sensor data was obtained from,ActivitySensorData,ActivitySensorSampleSource,nc : TextType,Kind of activity sensor device that the data was obtained from.,Initial refinement completed. Pending Tiger Team review.,
MaxHeartrate,number,Maximum heartrate received from the activity sensor data,ActivitySensorData,ActivitySensorMaxHeartRate,niem-xs:integer,Maximum heart rate received in an activity sensor data sample.,Initial refinement completed. Pending Tiger Team review.,
DistanceTraveled,number,Distance traveled according to the activity sensor data,ActivitySensorData,ActivitySensorDistanceTraveled,ActivitySensorDataType,Distance traveled according to activity sensor data.,Initial refinement completed. Pending Tiger Team review.,
FlightsClimbed,number,Number of flights of stairs climbed according to activity sensor data,ActivitySensorData,ActivitySensorFlightsClimbed,ActivitySensorDataType,Number of flights of stairs climbed according to activity sensor data,Initial refinement completed. Pending Tiger Team review.,
MaxSpeed,number,maximum speed traveled according to activity sensor data,ActivitySensorData,ActivitySensorMaxSpeed,niem-xs:integer,A maximum speed traveled according to activity sensor data.,Initial refinement completed. Pending Tiger Team review.,
TotalSampleCount,integer,Total number of samples received from activity sensor data,ActivitySensorData,ActivitySensorSampleQuantity,niem-xs : integer,The total number of data samples received from an activity sensor.,Initial refinement completed. Pending Tiger Team review.,
ActivitySensorDataMeasurement,object,A general measurement taken from an activity sensor,ActivitySensorData,ActivitySensorDataMeasurementValue,nc : ValueType,A measurement taken from an activity sensor.,Initial refinement completed. Pending Tiger Team review.,
MeasuredVariableType,string,Type of data being measured,ActivitySensorDataMeasurement,ActivitySensorDataMeasurementName,nc : TextType,"Name of the kind of data being measured from an activity sensor (e.g. steps, exercise time, calories burned).",Initial refinement completed. Pending Tiger Team review.,
MeasurementUnits,string,A unit that qualifies the measurement value.,ActivitySensorDataMeasurement,nc:MeasureUnitText,nc : TextType,A unit that qualifies the measurement value.,Mapped to existing NIEMOpen attribute.,
AverageValue,number,Average value for a variable,ActivitySensorDataMeasurement,mo:ComputationMethodMeanValue,niem-xs:decimal,An average numeric value of a variable.,Mapped to existing NIEMOpen attribute.,
TotalValue,number,Total value for a variable,ActivitySensorDataMeasurement,ActivitySensorDataMeasurementTotal,niem-xs : integer,Total value for a specific kind of data being measured from an activity sensor.,Initial refinement completed. Pending Tiger Team review.,
MaximumValue,number,Maximum value for a variable,ActivitySensorDataMeasurement,ActivitySensorMaxValue,niem-xs:integer,Maximum value in a specific kind of data set being measured from an activity sensor.,Initial refinement completed. Pending Tiger Team review.,
ActivitySensorDataSample,object,A subset of information obtained from an activity sensor,ActivitySensorDataMeasurement,ActivitySensorDataSample,ActivitySensorDataType,Information about a sample of data taken from an activity sensor.,Initial refinement completed. Pending Tiger Team review.,
dateSampled,string,A date a sample was collected.,ActivitySensorDataSample,j:TestCollectionDate,nc : DateType,A date a sample was collected.,Mapped to existing NIEMOpen attribute.,
note,object,Note entry on a device,,,,,Needs to be refined by Tiger Team.,
noteSummary,string,High level overview of a note from a device,note,,,,Needs to be refined by Tiger Team.,
noteTitle,string,Title of a note on a device,note,,,,Needs to be refined by Tiger Team.,
noteBody,string,Body of text for a note on a device,note,,,,Needs to be refined by Tiger Team.,
primaryDeviceUserInformation,object,"Assessment of the primary device user based on correlations between names, media, and official government documentation identified on the device",,DeviceUserAssociation,nc : AssociationType,"An assessment of the primary device user based on correlations between names, media, and official government documentation identified on the device.",Initial refinement completed. Pending Tiger Team review.,
primaryDeviceUserDescription,string,A description of the information,primaryDeviceUserInformation,nc:DescriptionText,nc : TextType ,A description of the information,Mapped to existing NIEMOpen attribute.,
names,object,A combination of names and/or titles by which a person is known.,primaryDeviceUserInformation,nc:PersonName,nc : PersonNameType,A combination of names and/or titles by which a person is known.,Mapped to existing NIEMOpen attribute.,
officialGovernmentDocumentation,object,Information about official government documentation found on the device that is correlated to the device user,primaryDeviceUserInformation,,,,Needs to be refined by Tiger Team.,
deviceOwnerWhatsApp,string,Whats App ID of the device owner,primaryDeviceUserInformation,nc:InstantMessengerScreenID,niem-xs : string,An account identifier used to reference a person or organization within an instant messaging system.,Mapped to existing NIEMOpen attribute.,
deviceOwnerNumber,string,Phone number of the device owner,primaryDeviceUserInformation,j:EntityTelephoneNumberAssociation,j:EntityTelephoneNumberAssociationType,"A relationship between an entity (person or organization) and a telephone number, for example to indicate that a person has or uses a particular phone number.",Mapped to existing NIEMOpen attribute.,
assessedPrimaryDeviceUser,string,base64 image of the primary device user,primaryDeviceUserInformation,DeviceUserImage,nc:ImageType,A picture of the primary device user.,Initial refinement completed. Pending Tiger Team review.,
personFullName,string,A complete name of a person.,primaryDeviceUserInformation,nc:PersonFullName,nc : PersonNameTextType ,A complete name of a person.,Mapped to existing NIEMOpen attribute.,
unrecognizedFiles,object,File not recognized by the analysis software,,,,,Needs to be refined by Tiger Team.,
fileExtensionMismatched,string,Text indicating the type of file extension mismatch present,unrecognizedFiles,FileExtensionMismatchText,nc : TextType,A description indicating the type of file extension mismatch present.,Initial refinement completed. Pending Tiger Team review.,
CemUID,string,Collected Exploitable Material Unique Identifier,"exhibits, devices, components",CemUID,niem-xs: string,A unique identifier for a piece of collected exploitable material (CEM),Initial refinement completed. Pending Tiger Team review.,
